subject,course_title,abs_course_url
Education & Teaching,Critical Thinking at University: An Introduction,https://www.classcentral.com/course/futurelearn-critical-thinking-at-university-an-introduction-12273
Education & Teaching,Teaching Character and Creating Positive Classrooms ,https://www.classcentral.com/course/coursera-teaching-character-and-creating-positive-classrooms-866
Education & Teaching,Modelli di insegnamento nella ricerca educativa,https://www.classcentral.com/course/edx-modelli-di-insegnamento-nella-ricerca-educativa-11405
Education & Teaching,Leaders of Learning,https://www.classcentral.com/course/edx-leaders-of-learning-2027
Education & Teaching,Applying to U.S. Universities,https://www.classcentral.com/course/coursera-applying-to-u-s-universities-1620
Education & Teaching,"American Education Reform: History, Policy, Practice",https://www.classcentral.com/course/coursera-american-education-reform-history-policy-practice-2793
Education & Teaching,Aprendizaje y Enseñanza Virtual,https://www.classcentral.com/course/edx-aprendizaje-y-ensenanza-virtual-7266
Education & Teaching,"Academic Integrity: Values, Skills, Action ",https://www.classcentral.com/course/futurelearn-academic-integrity-values-skills-action-2131
Education & Teaching,Fundamentals of Engineering Exam Review,https://www.classcentral.com/course/coursera-fundamentals-of-engineering-exam-review-4434
Education & Teaching,Teach English Now! Technology Enriched Teaching,https://www.classcentral.com/course/coursera-teach-english-now-technology-enriched-teaching-6211
Education & Teaching,Teaching Tips for Tricky English Grammar,https://www.classcentral.com/course/coursera-teaching-tips-for-tricky-english-grammar-7364
Education & Teaching,Kickstart Your Career: Getting Ahead at University,https://www.classcentral.com/course/futurelearn-kickstart-your-career-getting-ahead-at-university-7626
Education & Teaching,Teaching Impacts of Technology: Workplace of the Future,https://www.classcentral.com/course/coursera-teaching-impacts-of-technology-workplace-of-the-future-11235
Education & Teaching,Migrants and Refugees in Education: A toolkit for teachers,https://www.classcentral.com/course/futurelearn-migrants-and-refugees-in-education-a-toolkit-for-teachers-11825
Education & Teaching,Computational Thinking for K-12 Educators: Variables and Nested Loops,https://www.classcentral.com/course/coursera-computational-thinking-for-k-12-educators-variables-and-nested-loops-12363
Education & Teaching,Computational Thinking for K-12 Educators: Sequences and Loops,https://www.classcentral.com/course/coursera-computational-thinking-for-k-12-educators-sequences-and-loops-12365
Education & Teaching,The IB Extended Essay: Managing your Research Project,https://www.classcentral.com/course/futurelearn-the-ib-extended-essay-managing-your-research-project-12702
Education & Teaching,Reconciliation Through Indigenous Education,https://www.classcentral.com/course/edx-reconciliation-through-indigenous-education-2851
Education & Teaching,Learning Online: Reflecting and Sharing,https://www.classcentral.com/course/futurelearn-learning-online-reflecting-and-sharing-5017
Education & Teaching,"Literacy Teaching and Learning: Aims, Approaches and Pedagogies",https://www.classcentral.com/course/coursera-literacy-teaching-and-learning-aims-approaches-and-pedagogies-6760
Education & Teaching,Orchestrating Whole Classroom Discussion,https://www.classcentral.com/course/coursera-orchestrating-whole-classroom-discussion-7421
Education & Teaching,"An Introduction to Recreational Math: Fun, Games and Puzzles",https://www.classcentral.com/course/futurelearn-an-introduction-to-recreational-math-fun-games-and-puzzles-10736
Education & Teaching,Diseño instruccional para el aprendizaje activo ,https://www.classcentral.com/course/coursera-diseno-instruccional-para-el-aprendizaje-activo-12622
Education & Teaching,e-Learning Ecologies: Innovative Approaches to Teaching and Learning for the Digital Age,https://www.classcentral.com/course/coursera-e-learning-ecologies-innovative-approaches-to-teaching-and-learning-for-the-digital-age-2066
Education & Teaching,Techniques for Teaching Adjectives and Adjective Clauses,https://www.classcentral.com/course/coursera-techniques-for-teaching-adjectives-and-adjective-clauses-7366
Education & Teaching,Teaching Physical Computing with Raspberry Pi and Python,https://www.classcentral.com/course/futurelearn-teaching-physical-computing-with-raspberry-pi-and-python-7644
Education & Teaching,Get Interactive: Practical Teaching with Technology,https://www.classcentral.com/course/coursera-get-interactive-practical-teaching-with-technology-8415
Education & Teaching,Tinkering Fundamentals: Circuits,https://www.classcentral.com/course/coursera-tinkering-fundamentals-circuits-8961
Education & Teaching,Teaching Impacts of Technology: Global Society,https://www.classcentral.com/course/coursera-teaching-impacts-of-technology-global-society-11236
Education & Teaching,"Computational Thinking for K-12 Educators: Abstraction, Methods, and Lists",https://www.classcentral.com/course/coursera-computational-thinking-for-k-12-educators-abstraction-methods-and-lists-12360
Education & Teaching,La escuela y su comunidad: lecciones desde la ruralidad,https://www.classcentral.com/course/coursera-la-escuela-y-su-comunidad-lecciones-desde-la-ruralidad-11976
Education & Teaching,"Providing Social, Emotional, Behavioral, and Special Education Services in School",https://www.classcentral.com/course/coursera-providing-social-emotional-behavioral-and-special-education-services-in-school-12825
Education & Teaching,MOOC: How to make a MOOC?,https://www.classcentral.com/course/coursera-mooc-how-to-make-a-mooc-13271
Education & Teaching,Aboriginal Worldviews and Education,https://www.classcentral.com/course/coursera-aboriginal-worldviews-and-education-394
Education & Teaching,Learning Online: Searching and Researching,https://www.classcentral.com/course/futurelearn-learning-online-searching-and-researching-5019
Education & Teaching,Information & Digital Literacy for University Success,https://www.classcentral.com/course/coursera-information-digital-literacy-for-university-success-6690
Education & Teaching,"Leading for Equity, Diversity and Inclusion in Higher Education",https://www.classcentral.com/course/coursera-leading-for-equity-diversity-and-inclusion-in-higher-education-8736
Education & Teaching,"Managing ADHD, Autism, Learning Disabilities, and Concussion in School",https://www.classcentral.com/course/coursera-managing-adhd-autism-learning-disabilities-and-concussion-in-school-12821
Education & Teaching,Preparing for the Google Cloud Professional Cloud Architect Exam,https://www.classcentral.com/course/coursera-preparing-for-the-google-cloud-professional-cloud-architect-exam-12827
Education & Teaching,Modelos de diseño instruccional para ambientes digitales ,https://www.classcentral.com/course/coursera-modelos-de-diseno-instruccional-para-ambientes-digitales-12623
Education & Teaching,Computational Thinking for K-12 Educators: Conditional Loops and If Statements,https://www.classcentral.com/course/coursera-computational-thinking-for-k-12-educators-conditional-loops-and-if-statements-12349
Education & Teaching,ICT in Primary Education: Transforming children's learning across the curriculum,https://www.classcentral.com/course/coursera-ict-in-primary-education-transforming-children-s-learning-across-the-curriculum-1763
Education & Teaching,Learning Online: Learning and Collaborating,https://www.classcentral.com/course/futurelearn-learning-online-learning-and-collaborating-5015
Education & Teaching,Learning Online: Managing Your Identity,https://www.classcentral.com/course/futurelearn-learning-online-managing-your-identity-5018
Education & Teaching,Critical Thinking Skills for University Success,https://www.classcentral.com/course/coursera-critical-thinking-skills-for-university-success-6689
Education & Teaching,Studying at Japanese Universities,https://www.classcentral.com/course/coursera-studying-at-japanese-universities-7172
Education & Teaching,Introducción al Aprendizaje Universitario,https://www.classcentral.com/course/coursera-introduccion-al-aprendizaje-universitario-10749
Education & Teaching,Computational Thinking for K-12 Educators: Nested If Statements and Compound Conditionals ,https://www.classcentral.com/course/coursera-computational-thinking-for-k-12-educators-nested-if-statements-and-compound-conditionals-12354
Education & Teaching,Attaining Higher Education,https://www.classcentral.com/course/edx-attaining-higher-education-13336
Education & Teaching,网络课程与学习评价,https://www.classcentral.com/course/coursera--5919
Mathematics,Introduction to Mathematical Thinking,https://www.classcentral.com/course/coursera-introduction-to-mathematical-thinking-370
Mathematics,Estadística Aplicada a los Negocios,https://www.classcentral.com/course/edx-estadistica-aplicada-a-los-negocios-10270
Mathematics,Intro to Statistics,https://www.classcentral.com/course/udacity-intro-to-statistics-361
Mathematics,Matrix Algebra for Engineers,https://www.classcentral.com/course/coursera-matrix-algebra-for-engineers-11986
Mathematics,Fibonacci Numbers and the Golden Ratio,https://www.classcentral.com/course/coursera-fibonacci-numbers-and-the-golden-ratio-6684
Mathematics,Statistical Learning,https://www.classcentral.com/course/stanford-openedx-statistical-learning-1579
Mathematics,Tutorials for Complex Systems,https://www.classcentral.com/course/complexity-explorer-tutorials-for-complex-systems-1194
Mathematics,Introduction to Probability - The Science of Uncertainty,https://www.classcentral.com/course/edx-introduction-to-probability-the-science-of-uncertainty-1496
Mathematics,Nonlinear Dynamics: Mathematical and Computational Approaches,https://www.classcentral.com/course/complexity-explorer-nonlinear-dynamics-mathematical-and-computational-approaches-1195
Mathematics,Mathematical Biostatistics Boot Camp 1,https://www.classcentral.com/course/coursera-mathematical-biostatistics-boot-camp-1-596
Mathematics,Introduction to Algebra,https://www.classcentral.com/course/edx-introduction-to-algebra-2526
Mathematics,"Advanced Precalculus: Geometry, Trigonometry and Exponentials",https://www.classcentral.com/course/futurelearn-advanced-precalculus-geometry-trigonometry-and-exponentials-9602
Mathematics,Bayesian Statistics,https://www.classcentral.com/course/coursera-bayesian-statistics-6097
Mathematics,College Algebra,https://www.classcentral.com/course/udacity-college-algebra-630
Mathematics,How to Learn Math: For Students,https://www.classcentral.com/course/stanford-openedx-how-to-learn-math-for-students-917
Mathematics,Effective Thinking Through Mathematics,https://www.classcentral.com/course/edx-effective-thinking-through-mathematics-1335
Mathematics,Queuing Theory: from Markov Chains to Multi-Server Systems,https://www.classcentral.com/course/edx-queuing-theory-from-markov-chains-to-multi-server-systems-10079
Mathematics,Intro to Descriptive Statistics,https://www.classcentral.com/course/udacity-intro-to-descriptive-statistics-2309
Mathematics,Basic Statistics,https://www.classcentral.com/course/coursera-basic-statistics-4312
Mathematics,Introduction to Renormalization,https://www.classcentral.com/course/complexity-explorer-introduction-to-renormalization-11490
Mathematics,Linear Algebra - Foundations to Frontiers,https://www.classcentral.com/course/edx-linear-algebra-foundations-to-frontiers-1337
Mathematics,"Precalculus: the Mathematics of Numbers, Functions and Equations",https://www.classcentral.com/course/futurelearn-precalculus-the-mathematics-of-numbers-functions-and-equations-8988
Mathematics,Intro Algebra Review,https://www.classcentral.com/course/udacity-intro-algebra-review-2666
Mathematics,Intro to Inferential Statistics,https://www.classcentral.com/course/udacity-intro-to-inferential-statistics-2310
Mathematics,Maximum Entropy Methods,https://www.classcentral.com/course/complexity-explorer-maximum-entropy-methods-11479
Mathematics,Introduction to Differential Equations,https://www.classcentral.com/course/complexity-explorer-introduction-to-differential-equations-11477
Mathematics,Introduction to Linear Models and Matrix Algebra,https://www.classcentral.com/course/edx-introduction-to-linear-models-and-matrix-algebra-2963
Mathematics,Aléatoire : une introduction aux probabilités - Partie 1,https://www.classcentral.com/course/coursera-aleatoire-une-introduction-aux-probabilites-partie-1-852
Mathematics,Analytic Combinatorics,https://www.classcentral.com/course/coursera-analytic-combinatorics-922
Mathematics,Çok değişkenli Fonksiyon II: Uygulamalar / Multivariable Calculus II: Applications,https://www.classcentral.com/course/coursera-cok-degiskenli-fonksiyon-ii-uygulamalar-multivariable-calculus-ii-applications-4165
Mathematics,"Doğrusal Cebir II: Kare Matrisler, Hesaplama Yöntemleri ve Uygulamalar / Linear Algebra II: Square Matrices, Calculation Methods and Applications",https://www.classcentral.com/course/coursera-dogrusal-cebir-ii-kare-matrisler-hesaplama-yontemleri-ve-uygulamalar-linear-algebra-ii-square-matrices-calculation-methods-and-applications-5046
Mathematics,Business Applications of Hypothesis Testing and Confidence Interval Estimation ,https://www.classcentral.com/course/coursera-business-applications-of-hypothesis-testing-and-confidence-interval-estimation-7035
Mathematics,Linear Regression for Business Statistics,https://www.classcentral.com/course/coursera-linear-regression-for-business-statistics-7041
Mathematics,Mathematical Thinking in Computer Science,https://www.classcentral.com/course/coursera-mathematical-thinking-in-computer-science-9212
Mathematics,Mathematics for Machine Learning: Linear Algebra,https://www.classcentral.com/course/coursera-mathematics-for-machine-learning-linear-algebra-10453
Mathematics,Introduction to Calculus,https://www.classcentral.com/course/coursera-introduction-to-calculus-12547
Mathematics,Logistic Regression in R for Public Health,https://www.classcentral.com/course/coursera-logistic-regression-in-r-for-public-health-13075
Mathematics,Linear Regression in R for Public Health ,https://www.classcentral.com/course/coursera-linear-regression-in-r-for-public-health-13077
Mathematics,Çok değişkenli Fonksiyon I: Kavramlar / Multivariable Calculus I:  Concepts,https://www.classcentral.com/course/coursera-cok-degiskenli-fonksiyon-i-kavramlar-multivariable-calculus-i-concepts-1412
Mathematics,Combinatorics and Probability,https://www.classcentral.com/course/coursera-combinatorics-and-probability-2464
Mathematics,Aléatoire : une introduction aux probabilités - Partie 2,https://www.classcentral.com/course/coursera-aleatoire-une-introduction-aux-probabilites-partie-2-5716
Mathematics,Applied Logistic Regression,https://www.classcentral.com/course/canvas-network-applied-logistic-regression-6579
Mathematics,Improving your statistical inferences,https://www.classcentral.com/course/coursera-improving-your-statistical-inferences-7353
Mathematics,Introduction to Graph Theory,https://www.classcentral.com/course/coursera-introduction-to-graph-theory-9213
Mathematics,Why Numbers Matter: Quantitative Research,https://www.classcentral.com/course/futurelearn-why-numbers-matter-quantitative-research-10578
Mathematics,Probability and Statistics: To p or not to p?,https://www.classcentral.com/course/coursera-probability-and-statistics-to-p-or-not-to-p-11755
Mathematics,Summary Statistics in Public Health ,https://www.classcentral.com/course/coursera-summary-statistics-in-public-health-12762
Mathematics,Survival Analysis in R for Public Health,https://www.classcentral.com/course/coursera-survival-analysis-in-r-for-public-health-13076
Mathematics,Doğrusal Cebir I: Uzaylar ve İşlemciler / Linear Algebra I: Spaces and Operators,https://www.classcentral.com/course/coursera-dogrusal-cebir-i-uzaylar-ve-islemciler-linear-algebra-i-spaces-and-operators-5045
Mathematics,Математика для всех,https://www.classcentral.com/course/coursera----8405
Health & Medicine,Understanding Dementia,https://www.classcentral.com/course/independent-understanding-dementia-981
Social Sciences,Model Thinking,https://www.classcentral.com/course/coursera-model-thinking-317
Health & Medicine,Preventing Dementia,https://www.classcentral.com/course/independent-preventing-dementia-6565
Health & Medicine,Understanding Clinical Research: Behind the Statistics,https://www.classcentral.com/course/coursera-understanding-clinical-research-behind-the-statistics-5037
Health & Medicine,Vital Signs: Understanding What the Body Is Telling Us,https://www.classcentral.com/course/coursera-vital-signs-understanding-what-the-body-is-telling-us-1887
Health & Medicine,Stanford Introduction to Food and Health,https://www.classcentral.com/course/coursera-stanford-introduction-to-food-and-health-5057
Health & Medicine,Discover Dentistry,https://www.classcentral.com/course/futurelearn-discover-dentistry-1249
Health & Medicine,Child Nutrition and Cooking,https://www.classcentral.com/course/coursera-child-nutrition-and-cooking-816
Health & Medicine,The Addicted Brain,https://www.classcentral.com/course/coursera-the-addicted-brain-1403
Health & Medicine,"Viruses & How to Beat Them: Cells, Immunity, Vaccines",https://www.classcentral.com/course/edx-viruses-how-to-beat-them-cells-immunity-vaccines-9364
Health & Medicine,Positive Psychiatry and Mental Health ,https://www.classcentral.com/course/coursera-positive-psychiatry-and-mental-health-8783
Health & Medicine,Young People and Their Mental Health,https://www.classcentral.com/course/futurelearn-young-people-and-their-mental-health-9491
Health & Medicine,Epidemiology: The Basic Science of Public Health,https://www.classcentral.com/course/coursera-epidemiology-the-basic-science-of-public-health-733
Health & Medicine,Introduction to Clinical Neurology,https://www.classcentral.com/course/coursera-introduction-to-clinical-neurology-1538
Health & Medicine,Epidemics - the Dynamics of Infectious Diseases,https://www.classcentral.com/course/coursera-epidemics-the-dynamics-of-infectious-diseases-678
Health & Medicine,"Sit Less, Get Active",https://www.classcentral.com/course/coursera-sit-less-get-active-5260
Health & Medicine,Nutrition and Health: Macronutrients and Overnutrition,https://www.classcentral.com/course/edx-nutrition-and-health-macronutrients-and-overnutrition-2154
Health & Medicine,Becoming a Resilient Person - The Science of Stress Management,https://www.classcentral.com/course/edx-becoming-a-resilient-person-the-science-of-stress-management-1927
Health & Medicine,Clinical Terminology for International and U.S. Students,https://www.classcentral.com/course/coursera-clinical-terminology-for-international-and-u-s-students-839
Health & Medicine,FlashDiet: Aprende a comer sano,https://www.classcentral.com/course/edx-flashdiet-aprende-a-comer-sano-8631
Health & Medicine,Wellness Coaching: Powerful Skills for Everyday People,https://www.classcentral.com/course/canvas-network-wellness-coaching-powerful-skills-for-everyday-people-5170
Health & Medicine,食品安全與風險分析（Food Safety＆Risk Analysis）,https://www.classcentral.com/course/coursera--food-safety-risk-analysis-8863
Health & Medicine,Science of Exercise,https://www.classcentral.com/course/coursera-science-of-exercise-8679
Health & Medicine,Patient Safety and Quality Improvement: Developing a Systems View (Patient Safety I),https://www.classcentral.com/course/coursera-patient-safety-and-quality-improvement-developing-a-systems-view-patient-safety-i-9582
Health & Medicine,Communicating During Global Emergencies,https://www.classcentral.com/course/coursera-communicating-during-global-emergencies-11312
Social Sciences,Social Psychology,https://www.classcentral.com/course/coursera-social-psychology-555
Social Sciences,EU policy and implementation: making Europe work! ,https://www.classcentral.com/course/coursera-eu-policy-and-implementation-making-europe-work-7408
Social Sciences,HOPE: Human Odyssey to Political Existentialism,https://www.classcentral.com/course/edx-hope-human-odyssey-to-political-existentialism-11584
Social Sciences,Gender and Sexuality: Applications in Society,https://www.classcentral.com/course/edx-gender-and-sexuality-applications-in-society-12333
Social Sciences,Game Theory,https://www.classcentral.com/course/coursera-game-theory-308
Social Sciences,Introductory AP® Microeconomics,https://www.classcentral.com/course/edx-introductory-ap-microeconomics-8630
Social Sciences,Justice,https://www.classcentral.com/course/edx-justice-610
Social Sciences,Psychological First Aid,https://www.classcentral.com/course/coursera-psychological-first-aid-2900
Social Sciences,Positive Psychology ,https://www.classcentral.com/course/coursera-positive-psychology-2943
Social Sciences,Buddhism and Modern Psychology ,https://www.classcentral.com/course/coursera-buddhism-and-modern-psychology-1355
Social Sciences,The Science of Happiness,https://www.classcentral.com/course/edx-the-science-of-happiness-1781
Social Sciences,Terrorism and Counterterrorism: Comparing Theory and Practice,https://www.classcentral.com/course/coursera-terrorism-and-counterterrorism-comparing-theory-and-practice-701
Social Sciences,Miracles of Human Language: An Introduction to Linguistics,https://www.classcentral.com/course/coursera-miracles-of-human-language-an-introduction-to-linguistics-2940
Social Sciences,Introduction to Psychology,https://www.classcentral.com/course/coursera-introduction-to-psychology-647
Social Sciences,Introduction to Neuroeconomics: How the Brain Makes Decisions,https://www.classcentral.com/course/coursera-introduction-to-neuroeconomics-how-the-brain-makes-decisions-1387
Social Sciences,Intro to Psychology,https://www.classcentral.com/course/udacity-intro-to-psychology-830
Social Sciences,Moral Foundations of Politics ,https://www.classcentral.com/course/coursera-moral-foundations-of-politics-2986
Social Sciences,Protecting Business Innovations via Patent,https://www.classcentral.com/course/coursera-protecting-business-innovations-via-patent-10382
Social Sciences,Welcome to Game Theory,https://www.classcentral.com/course/coursera-welcome-to-game-theory-2883
Social Sciences,Protecting Business Innovations via Trademark,https://www.classcentral.com/course/coursera-protecting-business-innovations-via-trademark-10038
Social Sciences,The Age of Sustainable Development,https://www.classcentral.com/course/coursera-the-age-of-sustainable-development-1533
Social Sciences,Paradoxes of War,https://www.classcentral.com/course/coursera-paradoxes-of-war-1361
Social Sciences,Understanding Research Methods,https://www.classcentral.com/course/coursera-understanding-research-methods-1767
Social Sciences,An Introduction to American Law,https://www.classcentral.com/course/coursera-an-introduction-to-american-law-2872
Social Sciences,Protecting Business Innovations via Copyright,https://www.classcentral.com/course/coursera-protecting-business-innovations-via-copyright-8733
Social Sciences,Classical Sociological Theory ,https://www.classcentral.com/course/coursera-classical-sociological-theory-4298
Social Sciences,The Psychology of Criminal Justice,https://www.classcentral.com/course/edx-the-psychology-of-criminal-justice-2021
Social Sciences,Introduction to Human Behavioral Genetics,https://www.classcentral.com/course/coursera-introduction-to-human-behavioral-genetics-1765
Social Sciences,The Power of Macroeconomics: Economic Principles in the Real World,https://www.classcentral.com/course/coursera-the-power-of-macroeconomics-economic-principles-in-the-real-world-1050
Social Sciences,Introduction to International Criminal Law,https://www.classcentral.com/course/coursera-introduction-to-international-criminal-law-712
Social Sciences,Game Theory II: Advanced Applications,https://www.classcentral.com/course/coursera-game-theory-ii-advanced-applications-1469
Health & Medicine,Health and healthcare in transition: dilemmas of governance,https://www.classcentral.com/course/coursera-health-and-healthcare-in-transition-dilemmas-of-governance-11946
Health & Medicine,Improving Palliative Care in Care Homes for Older People,https://www.classcentral.com/course/futurelearn-improving-palliative-care-in-care-homes-for-older-people-12545
Health & Medicine,SMART-ASD: Matching Autistic People with Technology Resources,https://www.classcentral.com/course/futurelearn-smart-asd-matching-autistic-people-with-technology-resources-8076
Health & Medicine,Introduction to Household Water Treatment and Safe Storage,https://www.classcentral.com/course/coursera-introduction-to-household-water-treatment-and-safe-storage-1721
Health & Medicine,社会调查与研究方法 （下）Methodologies in Social Research (Part 2),https://www.classcentral.com/course/coursera---methodologies-in-social-research-part-2-2783
Health & Medicine,Introduction to Dental Medicine,https://www.classcentral.com/course/coursera-introduction-to-dental-medicine-2902
Health & Medicine,Rethinking Ageing:  Are we prepared to live longer?,https://www.classcentral.com/course/coursera-rethinking-ageing-are-we-prepared-to-live-longer-3317
Health & Medicine,Foundations for Assisting in Home Care,https://www.classcentral.com/course/coursera-foundations-for-assisting-in-home-care-3726
Health & Medicine,Systems Thinking In Public Health,https://www.classcentral.com/course/coursera-systems-thinking-in-public-health-5723
Health & Medicine,Healthcare Delivery Providers,https://www.classcentral.com/course/coursera-healthcare-delivery-providers-5533
Health & Medicine,Healthcare Marketplace,https://www.classcentral.com/course/coursera-healthcare-marketplace-5508
Health & Medicine,Medical Technology and Evaluation,https://www.classcentral.com/course/coursera-medical-technology-and-evaluation-5472
Health & Medicine,Introduction to Breast Cancer,https://www.classcentral.com/course/coursera-introduction-to-breast-cancer-6044
Health & Medicine,Setting the Stage for Success: An Eye on Safety Culture and Teamwork (Patient Safety II),https://www.classcentral.com/course/coursera-setting-the-stage-for-success-an-eye-on-safety-culture-and-teamwork-patient-safety-ii-9611
Health & Medicine,Food as Medicine: Fertility and Pregnancy,https://www.classcentral.com/course/futurelearn-food-as-medicine-fertility-and-pregnancy-9120
Health & Medicine,Epidemiology in Public Health Practice,https://www.classcentral.com/course/coursera-epidemiology-in-public-health-practice-8921
Health & Medicine,Global Health and Disability,https://www.classcentral.com/course/futurelearn-global-health-and-disability-9826
Health & Medicine,Designing for Sustainment: Keeping Improvement Work on Track (Patient Safety IV),https://www.classcentral.com/course/coursera-designing-for-sustainment-keeping-improvement-work-on-track-patient-safety-iv-9771
Health & Medicine,Implementing a Patient Safety or Quality Improvement Project (Patient Safety V),https://www.classcentral.com/course/coursera-implementing-a-patient-safety-or-quality-improvement-project-patient-safety-v-9772
Health & Medicine,The Economics of Health Care Delivery,https://www.classcentral.com/course/coursera-the-economics-of-health-care-delivery-10796
Health & Medicine,Guidance to Keep Newborn Babies Safe and Healthy,https://www.classcentral.com/course/coursera-guidance-to-keep-newborn-babies-safe-and-healthy-12814
Health & Medicine,Introduction to Clinical Data Science,https://www.classcentral.com/course/coursera-introduction-to-clinical-data-science-12837
Health & Medicine,Drug Discovery ,https://www.classcentral.com/course/coursera-drug-discovery-654
Health & Medicine,"Tropical Parasitology: Protozoans, Worms, Vectors and Human Diseases",https://www.classcentral.com/course/coursera-tropical-parasitology-protozoans-worms-vectors-and-human-diseases-3154
Health & Medicine,Seguridad agroalimentaria,https://www.classcentral.com/course/coursera-seguridad-agroalimentaria-6917
Health & Medicine,Understanding Cancer Metastasis,https://www.classcentral.com/course/coursera-understanding-cancer-metastasis-7624
Social Sciences,Rethinking International Tax Law,https://www.classcentral.com/course/coursera-rethinking-international-tax-law-3286
Social Sciences,Psychology of Popularity,https://www.classcentral.com/course/coursera-psychology-of-popularity-3541
Social Sciences,Contract Law: From Trust to Promise to Contract,https://www.classcentral.com/course/edx-contract-law-from-trust-to-promise-to-contract-2633
Social Sciences,Forensic Psychology: Witness Investigation,https://www.classcentral.com/course/futurelearn-forensic-psychology-witness-investigation-1935
Social Sciences,Understanding Memory: Explaining the Psychology of Memory through Movies,https://www.classcentral.com/course/coursera-understanding-memory-explaining-the-psychology-of-memory-through-movies-5254
Social Sciences,Introduction to Psychology: The History and Science of Psychology,https://www.classcentral.com/course/futurelearn-introduction-to-psychology-the-history-and-science-of-psychology-11037
Social Sciences,Questionnaire Design for Social Surveys,https://www.classcentral.com/course/coursera-questionnaire-design-for-social-surveys-2163
Social Sciences,Deciphering Secrets: Unlocking the Manuscripts of Medieval Toledo (Spain),https://www.classcentral.com/course/edx-deciphering-secrets-unlocking-the-manuscripts-of-medieval-toledo-spain-8090
Social Sciences,Social and Economic Networks:  Models and Analysis,https://www.classcentral.com/course/coursera-social-and-economic-networks-models-and-analysis-744
Social Sciences,Terrorism and Counterterrorism,https://www.classcentral.com/course/edx-terrorism-and-counterterrorism-1566
Social Sciences,Anthropology of Current World Issues,https://www.classcentral.com/course/edx-anthropology-of-current-world-issues-1928
Social Sciences,America's Written Constitution,https://www.classcentral.com/course/coursera-america-s-written-constitution-2677
Social Sciences,Psicologia dell'apprendimento,https://www.classcentral.com/course/edx-psicologia-dell-apprendimento-9247
Social Sciences,Introduction to Psychology,https://www.classcentral.com/course/edx-introduction-to-psychology-2520
Social Sciences,Ignorance! | 无知！,https://www.classcentral.com/course/edx-ignorance--3599
Social Sciences,International Law,https://www.classcentral.com/course/edx-international-law-3179
Social Sciences,Hadrian's Wall: Life on the Roman Frontier,https://www.classcentral.com/course/futurelearn-hadrian-s-wall-life-on-the-roman-frontier-2124
Social Sciences,Sexualidad...mucho más que sexo,https://www.classcentral.com/course/coursera-sexualidad-mucho-mas-que-sexo-4637
Personal Development,Learning How to Learn: Powerful mental tools to help you master tough subjects,https://www.classcentral.com/course/coursera-learning-how-to-learn-powerful-mental-tools-to-help-you-master-tough-subjects-2161
Personal Development,Mindshift: Break Through Obstacles to Learning and Discover Your Hidden Potential,https://www.classcentral.com/course/coursera-mindshift-break-through-obstacles-to-learning-and-discover-your-hidden-potential-8289
Personal Development,Aprender,https://www.classcentral.com/course/coursera-aprender-4631
Personal Development,Maintaining a Mindful Life,https://www.classcentral.com/course/futurelearn-maintaining-a-mindful-life-9078
Personal Development,Presentation skills: Designing Presentation Slides,https://www.classcentral.com/course/coursera-presentation-skills-designing-presentation-slides-9643
Personal Development,Presentation skills: Speechwriting and Storytelling,https://www.classcentral.com/course/coursera-presentation-skills-speechwriting-and-storytelling-9646
Personal Development,How to Succeed at: Interviews,https://www.classcentral.com/course/futurelearn-how-to-succeed-at-interviews-2253
Personal Development,Learning How To Learn for Youth,https://www.classcentral.com/course/coursera-learning-how-to-learn-for-youth-12569
Personal Development,"Work Smarter, Not Harder: Time Management for Personal & Professional Productivity",https://www.classcentral.com/course/coursera-work-smarter-not-harder-time-management-for-personal-professional-productivity-2727
Personal Development,Diseña presentaciones eficaces con Powerpoint,https://www.classcentral.com/course/edx-disena-presentaciones-eficaces-con-powerpoint-8673
Personal Development, Know Thyself - The Value and Limits of Self-Knowledge: The Examined Life,https://www.classcentral.com/course/coursera-know-thyself-the-value-and-limits-of-self-knowledge-the-examined-life-432
Personal Development,Presentation skills:  Effective Presentation Delivery,https://www.classcentral.com/course/coursera-presentation-skills-effective-presentation-delivery-9645
Personal Development,De-Mystifying Mindfulness,https://www.classcentral.com/course/coursera-de-mystifying-mindfulness-6951
Personal Development,Successful Negotiation: Essential Strategies and Skills,https://www.classcentral.com/course/coursera-successful-negotiation-essential-strategies-and-skills-2460
Personal Development,Psychology of Personal Growth,https://www.classcentral.com/course/edx-psychology-of-personal-growth-8857
Personal Development,Presentation skills: Public Speaking Project,https://www.classcentral.com/course/coursera-presentation-skills-public-speaking-project-9644
Personal Development,Creative Problem Solving,https://www.classcentral.com/course/coursera-creative-problem-solving-1636
Personal Development,Effective Problem-Solving and Decision-Making,https://www.classcentral.com/course/coursera-effective-problem-solving-and-decision-making-2721
Personal Development,Negoziazione e comunicazione efficace,https://www.classcentral.com/course/edx-negoziazione-e-comunicazione-efficace-9244
Personal Development,Introduction to Public Speaking,https://www.classcentral.com/course/coursera-introduction-to-public-speaking-889
Personal Development,High-Impact Business Writing,https://www.classcentral.com/course/coursera-high-impact-business-writing-2724
Personal Development,Introduction to Personal Branding,https://www.classcentral.com/course/coursera-introduction-to-personal-branding-4865
Personal Development,Buscar en Internet,https://www.classcentral.com/course/edx-buscar-en-internet-2971
Personal Development,La Solución del Conflicto Ético,https://www.classcentral.com/course/coursera-la-solucion-del-conflicto-etico-4639
Personal Development,Speaking to persuade: Motivating audiences with solid arguments and moving language,https://www.classcentral.com/course/coursera-speaking-to-persuade-motivating-audiences-with-solid-arguments-and-moving-language-7461
Personal Development,Creativity Toolkit II: Creative Collaboration,https://www.classcentral.com/course/coursera-creativity-toolkit-ii-creative-collaboration-8735
Personal Development,Communication theory: bridging academia and practice,https://www.classcentral.com/course/coursera-communication-theory-bridging-academia-and-practice-9986
Personal Development,Influencing People,https://www.classcentral.com/course/coursera-influencing-people-4243
Personal Development,Advanced Interviewing Techniques,https://www.classcentral.com/course/coursera-advanced-interviewing-techniques-5494
Personal Development,How To Land the Job You Want (Capstone Project),https://www.classcentral.com/course/coursera-how-to-land-the-job-you-want-capstone-project-5566
Personal Development,Career Options: Exploring a New Career,https://www.classcentral.com/course/coursera-career-options-exploring-a-new-career-7026
Personal Development,The Arts and Science of Relationships: Understanding Human Needs,https://www.classcentral.com/course/coursera-the-arts-and-science-of-relationships-understanding-human-needs-8253
Personal Development,Teamwork Skills: Communicating Effectively in Groups,https://www.classcentral.com/course/coursera-teamwork-skills-communicating-effectively-in-groups-9661
Personal Development,Excel Skills for Business: Essentials,https://www.classcentral.com/course/coursera-excel-skills-for-business-essentials-9638
Personal Development,Excel Skills for Business: Intermediate I,https://www.classcentral.com/course/coursera-excel-skills-for-business-intermediate-i-9640
Personal Development,Excel Skills for Business: Intermediate II,https://www.classcentral.com/course/coursera-excel-skills-for-business-intermediate-ii-9641
Personal Development,Excel aplicado a los negocios (Nivel Avanzado),https://www.classcentral.com/course/coursera-excel-aplicado-a-los-negocios-nivel-avanzado-9571
Personal Development,مقدمة عن التفاوض: دليل استراتيجي لتصبح مُفاوضًا ذا مبادئ ومُقنعًا,https://www.classcentral.com/course/coursera---------------13419
Personal Development,Strategic Career Self-Management,https://www.classcentral.com/course/coursera-strategic-career-self-management-5457
Personal Development,Las estrategias y habilidades para las negociaciones,https://www.classcentral.com/course/coursera-las-estrategias-y-habilidades-para-las-negociaciones-5464
Personal Development,Writing Winning Resumes and Cover Letters,https://www.classcentral.com/course/coursera-writing-winning-resumes-and-cover-letters-5477
Personal Development,Negotiation  Fundamentals,https://www.classcentral.com/course/coursera-negotiation-fundamentals-8089
Personal Development,Психология призвания,https://www.classcentral.com/course/coursera---8557
Personal Development,Mi Primer Empleo (MPE),https://www.classcentral.com/course/coursera-mi-primer-empleo-mpe-9375
Personal Development,Психология коммуникации,https://www.classcentral.com/course/coursera---9931
Personal Development,Translation in Practice,https://www.classcentral.com/course/coursera-translation-in-practice-9775
Personal Development,Aide à la Décision Multicritère,https://www.classcentral.com/course/france-universite-numerique-aide-a-la-decision-multicritere-11002
Personal Development,Engaging in Persuasive and Credible Communication,https://www.classcentral.com/course/coursera-engaging-in-persuasive-and-credible-communication-5538
Personal Development,Introducción al mundo de las negociaciones,https://www.classcentral.com/course/coursera-introduccion-al-mundo-de-las-negociaciones-5483
Personal Development,Interview Research and Preparation,https://www.classcentral.com/course/coursera-interview-research-and-preparation-5465
Humanities,A Life of Happiness and Fulfillment,https://www.classcentral.com/course/coursera-a-life-of-happiness-and-fulfillment-2860
Humanities,Modern & Contemporary American Poetry (“ModPo”),https://www.classcentral.com/course/coursera-modern-contemporary-american-poetry-modpo-356
Humanities,How to Succeed at: Writing Applications,https://www.classcentral.com/course/futurelearn-how-to-succeed-at-writing-applications-2248
Humanities,Introduction to Philosophy,https://www.classcentral.com/course/coursera-introduction-to-philosophy-418
Humanities,Basic Spanish 2: One Step Further,https://www.classcentral.com/course/edx-basic-spanish-2-one-step-further-8672
Humanities,Tsinghua Chinese: Start Talking with 1.3 Billion People,https://www.classcentral.com/course/edx-tsinghua-chinese-start-talking-with-1-3-billion-people-5426
Humanities,HOPE: Human Odyssey to Political Existentialism,https://www.classcentral.com/course/edx-hope-human-odyssey-to-political-existentialism-11584
Humanities,Shakespeare Matters,https://www.classcentral.com/course/edx-shakespeare-matters-8731
Humanities,Moralities of Everyday Life,https://www.classcentral.com/course/coursera-moralities-of-everyday-life-911
Humanities,"The Bible's Prehistory, Purpose, and Political Future",https://www.classcentral.com/course/coursera-the-bible-s-prehistory-purpose-and-political-future-1406
Humanities,Basic Spanish 1: Getting Started,https://www.classcentral.com/course/edx-basic-spanish-1-getting-started-3698
Humanities,Grammar and Punctuation,https://www.classcentral.com/course/coursera-grammar-and-punctuation-4236
Humanities,The Ancient Greeks,https://www.classcentral.com/course/coursera-the-ancient-greeks-502
Humanities,"The Modern World, Part One: Global History from 1760 to 1910",https://www.classcentral.com/course/coursera-the-modern-world-part-one-global-history-from-1760-to-1910-430
Humanities,The Emergence of the Modern Middle East - Part I,https://www.classcentral.com/course/coursera-the-emergence-of-the-modern-middle-east-part-i-976
Humanities,English Grammar and Style,https://www.classcentral.com/course/edx-english-grammar-and-style-2022
Humanities,"Philosophy, Science and Religion: Philosophy and Religion",https://www.classcentral.com/course/coursera-philosophy-science-and-religion-philosophy-and-religion-9085
Humanities,How to Write an Essay,https://www.classcentral.com/course/edx-how-to-write-an-essay-1333
Humanities,The Modern and the Postmodern (Part 1),https://www.classcentral.com/course/coursera-the-modern-and-the-postmodern-part-1-598
Humanities,Introduction to Logic,https://www.classcentral.com/course/coursera-introduction-to-logic-329
Humanities,Comprendere la filosofia,https://www.classcentral.com/course/edx-comprendere-la-filosofia-9240
Humanities,L'Italiano nel mondo,https://www.classcentral.com/course/edx-l-italiano-nel-mondo-9241
Humanities,Chinese for Beginners,https://www.classcentral.com/course/coursera-chinese-for-beginners-2353
Humanities,Perdón y reconciliación: cómo sanar heridas,https://www.classcentral.com/course/edx-perdon-y-reconciliacion-como-sanar-heridas-11475
Humanities,Greek and Roman Mythology,https://www.classcentral.com/course/coursera-greek-and-roman-mythology-353
Humanities,Arab-Islamic History: From Tribes to Empires,https://www.classcentral.com/course/edx-arab-islamic-history-from-tribes-to-empires-9365
Humanities,Patrick Henry: Forgotten Founder,https://www.classcentral.com/course/coursera-patrick-henry-forgotten-founder-8669
Humanities,Magic in the Middle Ages,https://www.classcentral.com/course/coursera-magic-in-the-middle-ages-3477
Humanities,The French Revolution,https://www.classcentral.com/course/coursera-the-french-revolution-1705
Humanities,English Composition I,https://www.classcentral.com/course/coursera-english-composition-i-617
Humanities,The Great Poem Series: Unbinding Prometheus,https://www.classcentral.com/course/openlearning-the-great-poem-series-unbinding-prometheus-2425
Humanities,"Philosophy, Science and Religion: Religion and Science",https://www.classcentral.com/course/coursera-philosophy-science-and-religion-religion-and-science-10623
Humanities,Writing in the Sciences,https://www.classcentral.com/course/stanford-openedx-writing-in-the-sciences-1183
Humanities,Getting Started with Essay Writing,https://www.classcentral.com/course/coursera-getting-started-with-essay-writing-4363
Humanities,Ancient Philosophy: Plato & His Predecessors,https://www.classcentral.com/course/coursera-ancient-philosophy-plato-his-predecessors-5237
Humanities,Creative Writing: The Craft of Plot,https://www.classcentral.com/course/coursera-creative-writing-the-craft-of-plot-5625
Humanities,Writing for Young Readers: Opening the Treasure Chest,https://www.classcentral.com/course/coursera-writing-for-young-readers-opening-the-treasure-chest-3884
Humanities,Start Writing Fiction,https://www.classcentral.com/course/futurelearn-start-writing-fiction-1759
Humanities,La costruzione dell'Italia,https://www.classcentral.com/course/edx-la-costruzione-dell-italia-9245
Humanities,Dante tra poesia e scienza,https://www.classcentral.com/course/edx-dante-tra-poesia-e-scienza-9242
Humanities,The Emergence of the Modern Middle East - Part II,https://www.classcentral.com/course/coursera-the-emergence-of-the-modern-middle-east-part-ii-3204
Humanities,First Step Korean,https://www.classcentral.com/course/coursera-first-step-korean-5730
Humanities,The Kennedy Half Century,https://www.classcentral.com/course/coursera-the-kennedy-half-century-1172
Humanities,Constitutional Struggles in the Muslim World,https://www.classcentral.com/course/coursera-constitutional-struggles-in-the-muslim-world-663
Humanities,"Søren Kierkegaard - Subjectivity, Irony and the Crisis of Modernity",https://www.classcentral.com/course/coursera-soren-kierkegaard-subjectivity-irony-and-the-crisis-of-modernity-667
Humanities,Creative Writing: The Craft of Setting and Description,https://www.classcentral.com/course/coursera-creative-writing-the-craft-of-setting-and-description-5623
Humanities,"Plagues, Witches, and War: The Worlds of Historical Fiction",https://www.classcentral.com/course/coursera-plagues-witches-and-war-the-worlds-of-historical-fiction-1173
Humanities,Sharpened Visions: A Poetry Workshop,https://www.classcentral.com/course/coursera-sharpened-visions-a-poetry-workshop-4185
Humanities,Age of Jefferson,https://www.classcentral.com/course/coursera-age-of-jefferson-1343
Humanities,Ancient Philosophy: Aristotle and His Successors,https://www.classcentral.com/course/coursera-ancient-philosophy-aristotle-and-his-successors-5238
Data Science,R Programming,https://www.classcentral.com/course/coursera-r-programming-1713
Data Science,The Data Scientist’s Toolbox,https://www.classcentral.com/course/coursera-the-data-scientist-s-toolbox-1712
Data Science,The Analytics Edge,https://www.classcentral.com/course/edx-the-analytics-edge-1623
Data Science,Getting and Cleaning Data,https://www.classcentral.com/course/coursera-getting-and-cleaning-data-1714
Data Science,Introduction to Data Science in Python,https://www.classcentral.com/course/coursera-introduction-to-data-science-in-python-6671
Data Science,Exploratory Data Analysis,https://www.classcentral.com/course/coursera-exploratory-data-analysis-1715
Data Science,Python for Data Science,https://www.classcentral.com/course/edx-python-for-data-science-8209
Data Science,Introduction to Big Data,https://www.classcentral.com/course/coursera-introduction-to-big-data-4164
Data Science,Regression Models,https://www.classcentral.com/course/coursera-regression-models-1718
Data Science,Statistical Inference,https://www.classcentral.com/course/coursera-statistical-inference-1717
Data Science,Reproducible Research,https://www.classcentral.com/course/coursera-reproducible-research-1716
Data Science,Introduction to Computational Thinking and Data Science,https://www.classcentral.com/course/edx-introduction-to-computational-thinking-and-data-science-1779
Data Science,Mastering Data Analysis in Excel,https://www.classcentral.com/course/coursera-mastering-data-analysis-in-excel-4310
Data Science,Hadoop Platform and Application Framework,https://www.classcentral.com/course/coursera-hadoop-platform-and-application-framework-4269
Data Science,Digital Analytics for Marketing Professionals: Marketing Analytics in Practice,https://www.classcentral.com/course/coursera-digital-analytics-for-marketing-professionals-marketing-analytics-in-practice-2754
Data Science,Introduction to R for Data Science,https://www.classcentral.com/course/edx-introduction-to-r-for-data-science-3928
Data Science,Whole genome sequencing of bacterial genomes - tools and applications,https://www.classcentral.com/course/coursera-whole-genome-sequencing-of-bacterial-genomes-tools-and-applications-8907
Data Science,Pattern Discovery in Data Mining,https://www.classcentral.com/course/coursera-pattern-discovery-in-data-mining-2733
Data Science,Mining Massive Datasets,https://www.classcentral.com/course/stanford-openedx-mining-massive-datasets-2406
Data Science,A Crash Course in Data Science,https://www.classcentral.com/course/coursera-a-crash-course-in-data-science-4392
Data Science,Data Visualization,https://www.classcentral.com/course/coursera-data-visualization-2737
Data Science,Developing Data Products,https://www.classcentral.com/course/coursera-developing-data-products-1720
Data Science,Finding Hidden Messages in DNA (Bioinformatics I),https://www.classcentral.com/course/coursera-finding-hidden-messages-in-dna-bioinformatics-i-3289
Data Science,Algorithms for DNA Sequencing,https://www.classcentral.com/course/coursera-algorithms-for-dna-sequencing-3433
Data Science,Process Mining: Data science in Action,https://www.classcentral.com/course/coursera-process-mining-data-science-in-action-2445
Data Science,Intro to Hadoop and MapReduce,https://www.classcentral.com/course/udacity-intro-to-hadoop-and-mapreduce-1470
Data Science,Statistics and R,https://www.classcentral.com/course/edx-statistics-and-r-2960
Data Science,Introduction to Python for Data Science,https://www.classcentral.com/course/edx-introduction-to-python-for-data-science-5683
Data Science,Data Analysis with R,https://www.classcentral.com/course/udacity-data-analysis-with-r-1478
Data Science,Statistical Thinking for Data Science and Analytics,https://www.classcentral.com/course/edx-statistical-thinking-for-data-science-and-analytics-4913
Data Science,Building a Data Science Team,https://www.classcentral.com/course/coursera-building-a-data-science-team-4391
Data Science,Python for Genomic Data Science,https://www.classcentral.com/course/coursera-python-for-genomic-data-science-3476
Data Science,Genomic Data Science with Galaxy,https://www.classcentral.com/course/coursera-genomic-data-science-with-galaxy-3473
Data Science,Introduction to Genomic Technologies,https://www.classcentral.com/course/coursera-introduction-to-genomic-technologies-3472
Data Science,Data Science in Real Life,https://www.classcentral.com/course/coursera-data-science-in-real-life-4389
Data Science,DCO042 - Python For Informatics,https://www.classcentral.com/course/independent-dco042-python-for-informatics-1010
Data Science,Data Visualization and Communication with Tableau,https://www.classcentral.com/course/coursera-data-visualization-and-communication-with-tableau-4297
Data Science,Text Mining and Analytics,https://www.classcentral.com/course/coursera-text-mining-and-analytics-2736
Data Science,Intro to Data Science,https://www.classcentral.com/course/udacity-intro-to-data-science-1480
Data Science,Explore Statistics with R,https://www.classcentral.com/course/edx-explore-statistics-with-r-1836
Data Science,Intro to Python for Data Science,https://www.classcentral.com/course/datacamp-intro-to-python-for-data-science-7631
Data Science,Data Analysis: Take It to the MAX(),https://www.classcentral.com/course/edx-data-analysis-take-it-to-the-max-2916
Data Science,Analyzing and Visualizing Data with Excel,https://www.classcentral.com/course/edx-analyzing-and-visualizing-data-with-excel-4480
Data Science,Command Line Tools for Genomic Data Science,https://www.classcentral.com/course/coursera-command-line-tools-for-genomic-data-science-3474
Data Science,Introduction to R,https://www.classcentral.com/course/datacamp-introduction-to-r-7630
Data Science,Excel avanzado: importación y análisis de datos,https://www.classcentral.com/course/edx-excel-avanzado-importacion-y-analisis-de-datos-10329
Data Science,Applied Data Science: An Introduction,https://www.classcentral.com/course/open-education-by-blackboard-applied-data-science-an-introduction-1806
Data Science,Data Analysis for Social Scientists,https://www.classcentral.com/course/edx-data-analysis-for-social-scientists-6842
Data Science,Data Analysis Tools,https://www.classcentral.com/course/coursera-data-analysis-tools-4169
Data Science,Aplicando el análisis de datos: casos selectos ,https://www.classcentral.com/course/coursera-aplicando-el-analisis-de-datos-casos-selectos-4660
Business,Marketing in a Digital World,https://www.classcentral.com/course/coursera-marketing-in-a-digital-world-2750
Engineering,Introduction to Engineering Mechanics,https://www.classcentral.com/course/coursera-introduction-to-engineering-mechanics-564
Business,Applied Scrum for Project Management,https://www.classcentral.com/course/edx-applied-scrum-for-project-management-11917
Business,Introduction to Marketing,https://www.classcentral.com/course/coursera-introduction-to-marketing-1137
Business,Introduction to Financial Accounting,https://www.classcentral.com/course/coursera-introduction-to-financial-accounting-769
Business,Excel: Fundamentos y herramientas,https://www.classcentral.com/course/edx-excel-fundamentos-y-herramientas-2962
Business,Preparing to Manage Human Resources,https://www.classcentral.com/course/coursera-preparing-to-manage-human-resources-5462
Business,Developing Innovative Ideas for New Companies: The First Step in Entrepreneurship,https://www.classcentral.com/course/coursera-developing-innovative-ideas-for-new-companies-the-first-step-in-entrepreneurship-840
Business,Digital Analytics for Marketing Professionals: Marketing Analytics in Theory,https://www.classcentral.com/course/coursera-digital-analytics-for-marketing-professionals-marketing-analytics-in-theory-2753
Business,Estadística Aplicada a los Negocios,https://www.classcentral.com/course/edx-estadistica-aplicada-a-los-negocios-10270
Business,Critical Perspectives on Management,https://www.classcentral.com/course/coursera-critical-perspectives-on-management-714
Business,Introduction to Operations Management,https://www.classcentral.com/course/coursera-introduction-to-operations-management-372
Business,Introducción a la inversión bursátil,https://www.classcentral.com/course/edx-introduccion-a-la-inversion-bursatil-5316
Business,Financial Markets,https://www.classcentral.com/course/coursera-financial-markets-912
Business,Introducción a la gestión de proyectos,https://www.classcentral.com/course/edx-introduccion-a-la-gestion-de-proyectos-4870
Business,Fundamentals of Project Planning and Management,https://www.classcentral.com/course/coursera-fundamentals-of-project-planning-and-management-3292
Business,Project Management: The Basics for Success,https://www.classcentral.com/course/coursera-project-management-the-basics-for-success-2782
Business,Foundations of Business Strategy,https://www.classcentral.com/course/coursera-foundations-of-business-strategy-546
Business,Agile Leadership Principles,https://www.classcentral.com/course/edx-agile-leadership-principles-11920
Business,Competitive Strategy,https://www.classcentral.com/course/coursera-competitive-strategy-706
Business,Planning for Monitoring and Evaluation,https://www.classcentral.com/course/independent-planning-for-monitoring-and-evaluation-11965
Business,Initiating and Planning Projects,https://www.classcentral.com/course/coursera-initiating-and-planning-projects-2728
Business,Inspiring Leadership through Emotional Intelligence,https://www.classcentral.com/course/coursera-inspiring-leadership-through-emotional-intelligence-710
Business,Business Strategy,https://www.classcentral.com/course/coursera-business-strategy-5242
Business,Becoming a changemaker: Introduction to Social Innovation,https://www.classcentral.com/course/coursera-becoming-a-changemaker-introduction-to-social-innovation-6655
Engineering,Mechanics of Materials I: Fundamentals of Stress & Strain and Axial Loading,https://www.classcentral.com/course/coursera-mechanics-of-materials-i-fundamentals-of-stress-strain-and-axial-loading-5031
Engineering,Cartography,https://www.classcentral.com/course/independent-cartography-8812
Engineering,Applications in Engineering Mechanics,https://www.classcentral.com/course/coursera-applications-in-engineering-mechanics-1148
Engineering,Matrix Algebra for Engineers,https://www.classcentral.com/course/coursera-matrix-algebra-for-engineers-11986
Engineering,Intro to Permaculture Design,https://www.classcentral.com/course/canvas-network-intro-to-permaculture-design-5958
Engineering,Artificial Intelligence for Robotics,https://www.classcentral.com/course/udacity-artificial-intelligence-for-robotics-319
Engineering,Mechanics of Materials II: Thin-Walled Pressure Vessels and Torsion,https://www.classcentral.com/course/coursera-mechanics-of-materials-ii-thin-walled-pressure-vessels-and-torsion-5385
Engineering,Advanced Engineering Systems in Motion: Dynamics of Three Dimensional (3D) Motion,https://www.classcentral.com/course/coursera-advanced-engineering-systems-in-motion-dynamics-of-three-dimensional-3d-motion-2064
Engineering,The 3D Printing Revolution,https://www.classcentral.com/course/coursera-the-3d-printing-revolution-5991
Engineering,Engineering Systems in Motion: Dynamics of Particles and Bodies in 2D Motion,https://www.classcentral.com/course/coursera-engineering-systems-in-motion-dynamics-of-particles-and-bodies-in-2d-motion-7788
Engineering,"Mechanics of Materials IV: Deflections, Buckling, Combined Loading & Failure Theories",https://www.classcentral.com/course/coursera-mechanics-of-materials-iv-deflections-buckling-combined-loading-failure-theories-6188
Engineering,Earth Imagery at Work,https://www.classcentral.com/course/independent-earth-imagery-at-work-7988
Engineering,Control of Mobile Robots,https://www.classcentral.com/course/coursera-control-of-mobile-robots-404
Engineering,Mechanics of Materials III: Beam Bending,https://www.classcentral.com/course/coursera-mechanics-of-materials-iii-beam-bending-6184
Engineering,Circuits and Electronics 1: Basic Circuit Analysis,https://www.classcentral.com/course/edx-circuits-and-electronics-1-basic-circuit-analysis-4579
Engineering,The Art of Structural Engineering: Vaults,https://www.classcentral.com/course/edx-the-art-of-structural-engineering-vaults-12040
Engineering,Embedded Systems - Shape The World: Microcontroller Input/Output,https://www.classcentral.com/course/edx-embedded-systems-shape-the-world-microcontroller-input-output-1484
Engineering,Fundamentals of GIS,https://www.classcentral.com/course/coursera-fundamentals-of-gis-5489
Engineering,Robotics: Aerial Robotics,https://www.classcentral.com/course/coursera-robotics-aerial-robotics-5025
Engineering,Introdução ao Controle Moderno,https://www.classcentral.com/course/coursera-introducao-ao-controle-moderno-8482
Engineering,Maps and the Geospatial Revolution,https://www.classcentral.com/course/coursera-maps-and-the-geospatial-revolution-676
Engineering,Building a Future with Robots,https://www.classcentral.com/course/futurelearn-building-a-future-with-robots-6721
Engineering,Autonomous Navigation for Flying Robots,https://www.classcentral.com/course/edx-autonomous-navigation-for-flying-robots-1911
Engineering,Introducción a los encofrados y las cimbras en obra civil y edificación,https://www.classcentral.com/course/edx-introduccion-a-los-encofrados-y-las-cimbras-en-obra-civil-y-edificacion-11880
Engineering,Hydraulique fluviale 1 - Écoulements à surface libre,https://www.classcentral.com/course/edx-hydraulique-fluviale-1-ecoulements-a-surface-libre-8524
Engineering,Introduction to Aerospace Engineering: Astronautics and Human Spaceflight,https://www.classcentral.com/course/edx-introduction-to-aerospace-engineering-astronautics-and-human-spaceflight-3042
Engineering,Digital Signal Processing,https://www.classcentral.com/course/coursera-digital-signal-processing-423
Engineering,Introduction to Systems Engineering,https://www.classcentral.com/course/coursera-introduction-to-systems-engineering-1381
Engineering,Análisis de Sistemas de Transporte,https://www.classcentral.com/course/coursera-analisis-de-sistemas-de-transporte-4728
Engineering,"Nanotechnology and Nanosensors, Part1",https://www.classcentral.com/course/coursera-nanotechnology-and-nanosensors-part1-5200
Engineering,Controle de Sistemas no Plano-s,https://www.classcentral.com/course/coursera-controle-de-sistemas-no-plano-s-6242
Engineering,Wind resources for renewable energies,https://www.classcentral.com/course/coursera-wind-resources-for-renewable-energies-8431
Engineering,Industrial Biotechnology,https://www.classcentral.com/course/coursera-industrial-biotechnology-8886
Engineering,Введение в механику деформируемого твёрдого тела (Introduction to the mechanics of deformable solids),https://www.classcentral.com/course/coursera-------introduction-to-the-mechanics-of-deformable-solids-9658
Computer Science,Machine Learning,https://www.classcentral.com/course/coursera-machine-learning-835
Business,How to Build a Startup,https://www.classcentral.com/course/udacity-how-to-build-a-startup-461
Business,Lean Production,https://www.classcentral.com/course/edx-lean-production-8447
Business,Marketing Digital: Content & Community Manager,https://www.classcentral.com/course/edx-marketing-digital-content-community-manager-10386
Business,Customer Analytics,https://www.classcentral.com/course/coursera-customer-analytics-4353
Business,Viral Marketing and How to Craft Contagious Content,https://www.classcentral.com/course/coursera-viral-marketing-and-how-to-craft-contagious-content-5034
Business,On Strategy : What Managers Can Learn from Philosophy - PART 1,https://www.classcentral.com/course/coursera-on-strategy-what-managers-can-learn-from-philosophy-part-1-1312
Business,Introduction to Corporate Finance,https://www.classcentral.com/course/coursera-introduction-to-corporate-finance-625
Business,Protecting Business Innovations via Patent,https://www.classcentral.com/course/coursera-protecting-business-innovations-via-patent-10382
Business,Results-Based Project Management: Monitoring and Evaluation,https://www.classcentral.com/course/edx-results-based-project-management-monitoring-and-evaluation-6480
Business,Project Management for Business Professionals,https://www.classcentral.com/course/canvas-network-project-management-for-business-professionals-962
Business,Six Sigma: Define and Measure,https://www.classcentral.com/course/edx-six-sigma-define-and-measure-8450
Business,Protecting Business Innovations via Trademark,https://www.classcentral.com/course/coursera-protecting-business-innovations-via-trademark-10038
Business,Finance for Non-Financial Professionals,https://www.classcentral.com/course/coursera-finance-for-non-financial-professionals-2726
Business,What is Social?,https://www.classcentral.com/course/coursera-what-is-social-4205
Business,International Leadership and Organizational Behavior,https://www.classcentral.com/course/coursera-international-leadership-and-organizational-behavior-1371
Business,New Models of Business in Society,https://www.classcentral.com/course/coursera-new-models-of-business-in-society-648
Business,Herramientas de la Inteligencia de Negocios,https://www.classcentral.com/course/edx-herramientas-de-la-inteligencia-de-negocios-10281
Business,Budgeting and Scheduling Projects,https://www.classcentral.com/course/coursera-budgeting-and-scheduling-projects-2729
Business,An Introduction to Consumer Neuroscience & Neuromarketing ,https://www.classcentral.com/course/coursera-an-introduction-to-consumer-neuroscience-neuromarketing-1395
Business,The Science of Success: What Researchers Know that You Should Know,https://www.classcentral.com/course/coursera-the-science-of-success-what-researchers-know-that-you-should-know-8087
Business,Fundamentals of Management,https://www.classcentral.com/course/coursera-fundamentals-of-management-2720
Business,Leadership Toolkit for Managers,https://www.classcentral.com/course/coursera-leadership-toolkit-for-managers-4209
Business,Certificate Program in Public Procurement,https://www.classcentral.com/course/independent-certificate-program-in-public-procurement-2982
Business,"Managerial Accounting: Cost Behaviors, Systems, and Analysis",https://www.classcentral.com/course/coursera-managerial-accounting-cost-behaviors-systems-and-analysis-2751
Business,Forensic Accounting and Fraud Examination,https://www.classcentral.com/course/coursera-forensic-accounting-and-fraud-examination-2465
Business,Project Management Basics,https://www.classcentral.com/course/open-education-by-blackboard-project-management-basics-794
Engineering,Battery State-of-Charge (SOC) Estimation,https://www.classcentral.com/course/coursera-battery-state-of-charge-soc-estimation-12082
Engineering,التقانة والمستشعرات النانوية - الجزء الثاني,https://www.classcentral.com/course/coursera------5452
Engineering,Geospatial and Environmental Analysis,https://www.classcentral.com/course/coursera-geospatial-and-environmental-analysis-5584
Engineering,"Modern Robotics, Course 1:  Foundations of Robot Motion",https://www.classcentral.com/course/coursera-modern-robotics-course-1-foundations-of-robot-motion-10632
Engineering, FPGA computing systems: Background knowledge and introductory materials,https://www.classcentral.com/course/coursera-fpga-computing-systems-background-knowledge-and-introductory-materials-10673
Engineering,Sensors and Sensor Circuit Design,https://www.classcentral.com/course/coursera-sensors-and-sensor-circuit-design-12049
Engineering,First Order Optical System Design,https://www.classcentral.com/course/coursera-first-order-optical-system-design-11799
Engineering,Battery Pack Balancing and Power Estimation,https://www.classcentral.com/course/coursera-battery-pack-balancing-and-power-estimation-12079
Engineering,Introduction to battery-management systems,https://www.classcentral.com/course/coursera-introduction-to-battery-management-systems-12083
Engineering,Equivalent Circuit Cell Model Simulation,https://www.classcentral.com/course/coursera-equivalent-circuit-cell-model-simulation-12084
Engineering,"Computers, Waves, Simulations: A Practical Introduction to Numerical Methods using Python",https://www.classcentral.com/course/coursera-computers-waves-simulations-a-practical-introduction-to-numerical-methods-using-python-13150
Engineering,Municipal Solid Waste Management in Developing Countries,https://www.classcentral.com/course/coursera-municipal-solid-waste-management-in-developing-countries-4080
Engineering,Controle Usando a Resposta em Frequência,https://www.classcentral.com/course/coursera-controle-usando-a-resposta-em-frequencia-6179
Engineering,Intelligent Machining,https://www.classcentral.com/course/coursera-intelligent-machining-8295
Engineering,Cyber Security in Manufacturing  ,https://www.classcentral.com/course/coursera-cyber-security-in-manufacturing-8308
Computer Science,Introduction to Computer Science and Programming Using Python,https://www.classcentral.com/course/edx-introduction-to-computer-science-and-programming-using-python-1341
Computer Science,Elements of AI,https://www.classcentral.com/course/independent-elements-of-ai-12469
Computer Science,CS50's Introduction to Computer Science,https://www.classcentral.com/course/edx-cs50-s-introduction-to-computer-science-442
Computer Science,Machine Learning for Musicians and Artists,https://www.classcentral.com/course/kadenze-machine-learning-for-musicians-and-artists-3768
Computer Science,Intro to Computer Science,https://www.classcentral.com/course/udacity-intro-to-computer-science-320
Computer Science,Functional Programming Principles in Scala,https://www.classcentral.com/course/coursera-functional-programming-principles-in-scala-422
Computer Science,"Algorithms, Part I",https://www.classcentral.com/course/coursera-algorithms-part-i-339
Computer Science,Cryptography I,https://www.classcentral.com/course/coursera-cryptography-i-616
Computer Science,Intro to Deep Learning,https://www.classcentral.com/course/udacity-intro-to-deep-learning-5681
Computer Science,How to Use Git and GitHub,https://www.classcentral.com/course/udacity-how-to-use-git-and-github-2661
Computer Science,Functional Program Design in Scala,https://www.classcentral.com/course/coursera-functional-program-design-in-scala-1186
Computer Science,Creative Applications of Deep Learning with TensorFlow,https://www.classcentral.com/course/kadenze-creative-applications-of-deep-learning-with-tensorflow-6679
Computer Science,Machine Learning Foundations: A Case Study Approach,https://www.classcentral.com/course/coursera-machine-learning-foundations-a-case-study-approach-4352
Computer Science,"Internet History, Technology, and Security",https://www.classcentral.com/course/coursera-internet-history-technology-and-security-335
Computer Science,Introduction to Linux,https://www.classcentral.com/course/edx-introduction-to-linux-1857
Computer Science,Principles of Computing (Part 1),https://www.classcentral.com/course/coursera-principles-of-computing-part-1-1724
Computer Science,CS188.1x: Artificial Intelligence,https://www.classcentral.com/course/edx-cs188-1x-artificial-intelligence-445
Computer Science,Software Security ,https://www.classcentral.com/course/coursera-software-security-1728
Computer Science,Practical Machine Learning,https://www.classcentral.com/course/coursera-practical-machine-learning-1719
Computer Science,Build a Modern Computer from First Principles: From Nand to Tetris (Project-Centered Course),https://www.classcentral.com/course/coursera-build-a-modern-computer-from-first-principles-from-nand-to-tetris-project-centered-course-3234
Computer Science,Algorithmic Toolbox,https://www.classcentral.com/course/coursera-algorithmic-toolbox-5471
Computer Science,"Algorithms, Part II",https://www.classcentral.com/course/coursera-algorithms-part-ii-340
Computer Science,"Cloud Computing Concepts, Part 1",https://www.classcentral.com/course/coursera-cloud-computing-concepts-part-1-2717
Computer Science,Introduction to Artificial Intelligence,https://www.classcentral.com/course/udacity-introduction-to-artificial-intelligence-301
Computer Science,Machine Learning: Regression,https://www.classcentral.com/course/coursera-machine-learning-regression-4289
Computer Science,Principles of Computing (Part 2),https://www.classcentral.com/course/coursera-principles-of-computing-part-2-3198
Computer Science,Bitcoin and Cryptocurrency Technologies,https://www.classcentral.com/course/coursera-bitcoin-and-cryptocurrency-technologies-3655
Computer Science,Neural Networks and Deep Learning,https://www.classcentral.com/course/coursera-neural-networks-and-deep-learning-9058
Computer Science,Automata Theory,https://www.classcentral.com/course/stanford-openedx-automata-theory-376
Computer Science,Algorithmic Thinking (Part 1),https://www.classcentral.com/course/coursera-algorithmic-thinking-part-1-1725
Computer Science,Probabilistic Graphical Models 1: Representation,https://www.classcentral.com/course/coursera-probabilistic-graphical-models-1-representation-309
Computer Science,Intro to Machine Learning,https://www.classcentral.com/course/udacity-intro-to-machine-learning-2996
Computer Science,FinTech Foundations and Overview,https://www.classcentral.com/course/coursera-fintech-foundations-and-overview-11193
Computer Science,Text Retrieval and Search Engines,https://www.classcentral.com/course/coursera-text-retrieval-and-search-engines-2734
Computer Science,Machine Learning With Big Data,https://www.classcentral.com/course/coursera-machine-learning-with-big-data-4238
Computer Science,Introduction to Cyber Security,https://www.classcentral.com/course/futurelearn-introduction-to-cyber-security-2448
Computer Science,The Nature of Code,https://www.classcentral.com/course/kadenze-the-nature-of-code-3777
Computer Science,Discrete Optimization,https://www.classcentral.com/course/coursera-discrete-optimization-487
Computer Science,The Arduino Platform and C Programming,https://www.classcentral.com/course/coursera-the-arduino-platform-and-c-programming-4206
Computer Science,Computer Science 101,https://www.classcentral.com/course/stanford-openedx-computer-science-101-2175
Computer Science,Web Security Fundamentals,https://www.classcentral.com/course/edx-web-security-fundamentals-8726
Computer Science,Hardware Security,https://www.classcentral.com/course/coursera-hardware-security-1729
Computer Science,Introduction to the Internet of Things and Embedded Systems,https://www.classcentral.com/course/coursera-introduction-to-the-internet-of-things-and-embedded-systems-4338
Computer Science,Machine Learning for Trading,https://www.classcentral.com/course/udacity-machine-learning-for-trading-1026
Computer Science,Machine Learning for Data Science and Analytics,https://www.classcentral.com/course/edx-machine-learning-for-data-science-and-analytics-4912
Computer Science,Cybersecurity Fundamentals,https://www.classcentral.com/course/edx-cybersecurity-fundamentals-7844
Computer Science,Algorithmic Thinking (Part 2),https://www.classcentral.com/course/coursera-algorithmic-thinking-part-2-3200
Computer Science,Usable Security,https://www.classcentral.com/course/coursera-usable-security-1727
Computer Science,Design of Computer Programs,https://www.classcentral.com/course/udacity-design-of-computer-programs-323
Art & Design,Gamification,https://www.classcentral.com/course/coursera-gamification-343
Art & Design,Introduction to Real-Time Audio Programming in ChucK,https://www.classcentral.com/course/kadenze-introduction-to-real-time-audio-programming-in-chuck-3749
Art & Design,Sound Production in Ableton Live for Musicians and Artists,https://www.classcentral.com/course/kadenze-sound-production-in-ableton-live-for-musicians-and-artists-3765
Art & Design,Songwriting: Writing the Lyrics,https://www.classcentral.com/course/coursera-songwriting-writing-the-lyrics-523
Art & Design,Fundamentals of Graphic Design,https://www.classcentral.com/course/coursera-fundamentals-of-graphic-design-4792
Art & Design,Developing Your Musicianship,https://www.classcentral.com/course/coursera-developing-your-musicianship-1726
Art & Design,Programming Max: Structuring Interactive Software for Digital Arts,https://www.classcentral.com/course/kadenze-programming-max-structuring-interactive-software-for-digital-arts-6411
Art & Design,Introduction to Graphic Illustration,https://www.classcentral.com/course/kadenze-introduction-to-graphic-illustration-3773
Art & Design,Design: Creation of Artifacts in Society,https://www.classcentral.com/course/coursera-design-creation-of-artifacts-in-society-371
Art & Design,Guitar for Beginners,https://www.classcentral.com/course/coursera-guitar-for-beginners-522
Art & Design,Introduction to Classical Music,https://www.classcentral.com/course/coursera-introduction-to-classical-music-2987
Art & Design,The Music of the Beatles,https://www.classcentral.com/course/coursera-the-music-of-the-beatles-1135
Art & Design,"History of Rock, Part One",https://www.classcentral.com/course/coursera-history-of-rock-part-one-690
Art & Design,"Film, Images & Historical Interpretation in the 20th Century: The Camera Never Lies",https://www.classcentral.com/course/coursera-film-images-historical-interpretation-in-the-20th-century-the-camera-never-lies-542
Art & Design,Introduction to Game Design,https://www.classcentral.com/course/coursera-introduction-to-game-design-4220
Art & Design,Roman Architecture,https://www.classcentral.com/course/coursera-roman-architecture-910
Art & Design,Fundamentals of Music Theory,https://www.classcentral.com/course/coursera-fundamentals-of-music-theory-1358
Art & Design,Exploring Beethoven’s Piano Sonatas,https://www.classcentral.com/course/coursera-exploring-beethoven-s-piano-sonatas-730
Art & Design,Comics: Art in Relationship,https://www.classcentral.com/course/kadenze-comics-art-in-relationship-3775
Art & Design,Introduction to Typography,https://www.classcentral.com/course/coursera-introduction-to-typography-5444
Art & Design,Intro to the Design of Everyday Things,https://www.classcentral.com/course/udacity-intro-to-the-design-of-everyday-things-1044
Art & Design,A Global History of Architecture,https://www.classcentral.com/course/edx-a-global-history-of-architecture-928
Art & Design,Radio para internet con Podcast: creación y conceptos básicos,https://www.classcentral.com/course/edx-radio-para-internet-con-podcast-creacion-y-conceptos-basicos-11824
Art & Design,Sound Synthesis Using Reaktor,https://www.classcentral.com/course/kadenze-sound-synthesis-using-reaktor-3766
Art & Design,Sustainability in Architecture: An Interdisciplinary Introduction,https://www.classcentral.com/course/edx-sustainability-in-architecture-an-interdisciplinary-introduction-11438
Art & Design,Introduction to Graphic Design History,https://www.classcentral.com/course/kadenze-introduction-to-graphic-design-history-5892
Art & Design,Scandinavian Film and Television,https://www.classcentral.com/course/coursera-scandinavian-film-and-television-665
Art & Design,"Transmedia Storytelling: Narrative worlds, emerging technologies, and global audiences",https://www.classcentral.com/course/coursera-transmedia-storytelling-narrative-worlds-emerging-technologies-and-global-audiences-7173
Art & Design,Building Your Career in Music: Developing A Brand and Funding Your Music,https://www.classcentral.com/course/coursera-building-your-career-in-music-developing-a-brand-and-funding-your-music-9576
Art & Design,Usos Didácticos del Cine: Introducción al Análisis,https://www.classcentral.com/course/coursera-usos-didacticos-del-cine-introduccion-al-analisis-9996
Art & Design,Understanding User Needs,https://www.classcentral.com/course/coursera-understanding-user-needs-12352
Art & Design,Grabación y postproducción musical dentro y fuera del estudio,https://www.classcentral.com/course/coursera-grabacion-y-postproduccion-musical-dentro-y-fuera-del-estudio-12415
Art & Design,Audio digital con Pure Data,https://www.classcentral.com/course/coursera-audio-digital-con-pure-data-12422
Art & Design,Web Design: Wireframes to Prototypes,https://www.classcentral.com/course/coursera-web-design-wireframes-to-prototypes-12101
Art & Design,Innovar,https://www.classcentral.com/course/coursera-innovar-4818
Art & Design,Music and Social Action,https://www.classcentral.com/course/coursera-music-and-social-action-5842
Art & Design,Prototyping and Design,https://www.classcentral.com/course/coursera-prototyping-and-design-6932
Art & Design,Art & Ideas: Teaching with Themes,https://www.classcentral.com/course/coursera-art-ideas-teaching-with-themes-6996
Art & Design,Exploring Beethoven’s Piano Sonatas Part 2,https://www.classcentral.com/course/coursera-exploring-beethoven-s-piano-sonatas-part-2-7773
Art & Design,The Cycle: Management of Successful Arts and Cultural Organizations,https://www.classcentral.com/course/coursera-the-cycle-management-of-successful-arts-and-cultural-organizations-7748
Art & Design,Getting Started With Music Theory,https://www.classcentral.com/course/coursera-getting-started-with-music-theory-8026
Art & Design,Дизайн-методология: управление вдохновением (Design-methodology. Inspiration management),https://www.classcentral.com/course/coursera-----design-methodology-inspiration-management-9343
Art & Design,Digital Skills: User Experience,https://www.classcentral.com/course/futurelearn-digital-skills-user-experience-9780
Art & Design,UX / UI: Fundamentos para o design de interface,https://www.classcentral.com/course/coursera-ux-ui-fundamentos-para-o-design-de-interface-10705
Art & Design,Основы фотографии,https://www.classcentral.com/course/coursera---12090
Art & Design,Integrating Scripts for Scene Interactions,https://www.classcentral.com/course/coursera-integrating-scripts-for-scene-interactions-12379
Art & Design,Fundamentals of Digital Image and Video Processing,https://www.classcentral.com/course/coursera-fundamentals-of-digital-image-and-video-processing-724
Art & Design,User Experience: Research & Prototyping,https://www.classcentral.com/course/coursera-user-experience-research-prototyping-2788
Art & Design,Design Thinking,https://www.classcentral.com/course/coursera-design-thinking-4842
Art & Design,Brand New Brand,https://www.classcentral.com/course/coursera-brand-new-brand-5614
Science,Mountains 101,https://www.classcentral.com/course/coursera-mountains-101-7455
Science,Introduction to Complexity,https://www.classcentral.com/course/complexity-explorer-introduction-to-complexity-557
Science,Forensic Facial Reconstruction: Finding Mr. X,https://www.classcentral.com/course/futurelearn-forensic-facial-reconstruction-finding-mr-x-7641
Science,Quantum Mechanics for Everyone,https://www.classcentral.com/course/edx-quantum-mechanics-for-everyone-8284
Science,The Science of Everyday Thinking,https://www.classcentral.com/course/edx-the-science-of-everyday-thinking-1332
Science,The Science of the Solar System,https://www.classcentral.com/course/coursera-the-science-of-the-solar-system-1813
Science,Medical Neuroscience,https://www.classcentral.com/course/coursera-medical-neuroscience-384
Science,Astrobiology and the Search for Extraterrestrial Life,https://www.classcentral.com/course/coursera-astrobiology-and-the-search-for-extraterrestrial-life-415
Science,Dino 101: Dinosaur Paleobiology,https://www.classcentral.com/course/coursera-dino-101-dinosaur-paleobiology-1057
Science,Introduction to Biology - The Secret of Life,https://www.classcentral.com/course/edx-introduction-to-biology-the-secret-of-life-637
Science,Introduction to Genetics and Evolution,https://www.classcentral.com/course/coursera-introduction-to-genetics-and-evolution-381
Science,How Things Work: An Introduction to Physics,https://www.classcentral.com/course/coursera-how-things-work-an-introduction-to-physics-431
Science,Introductory Human Physiology,https://www.classcentral.com/course/coursera-introductory-human-physiology-380
Science,Understanding the Brain: The Neurobiology of Everyday Life,https://www.classcentral.com/course/coursera-understanding-the-brain-the-neurobiology-of-everyday-life-1606
Science,Anatomy: Know Your Abdomen,https://www.classcentral.com/course/futurelearn-anatomy-know-your-abdomen-5008
Science,Understanding Einstein: The Special Theory of Relativity,https://www.classcentral.com/course/coursera-understanding-einstein-the-special-theory-of-relativity-765
Science,Dog Emotion and Cognition,https://www.classcentral.com/course/coursera-dog-emotion-and-cognition-3627
Science,From the Big Bang to Dark Energy,https://www.classcentral.com/course/coursera-from-the-big-bang-to-dark-energy-722
Science,Zoologia,https://www.classcentral.com/course/edx-zoologia-11407
Science,The Brain and Space,https://www.classcentral.com/course/coursera-the-brain-and-space-1362
Science,Astronomy: Exploring Time and Space,https://www.classcentral.com/course/coursera-astronomy-exploring-time-and-space-3007
Science,Genes and the Human Condition (From Behavior to Biotechnology),https://www.classcentral.com/course/coursera-genes-and-the-human-condition-from-behavior-to-biotechnology-597
Science,Animal Behaviour and Welfare,https://www.classcentral.com/course/coursera-animal-behaviour-and-welfare-1357
Science,Intro to Physics,https://www.classcentral.com/course/udacity-intro-to-physics-363
Science,The Bilingual Brain,https://www.classcentral.com/course/coursera-the-bilingual-brain-2667
Science,Introduction to Physical Chemistry,https://www.classcentral.com/course/coursera-introduction-to-physical-chemistry-1456
Science,Greatest Unsolved Mysteries of the Universe,https://www.classcentral.com/course/edx-greatest-unsolved-mysteries-of-the-universe-1598
Science,"Synapses, Neurons and Brains ",https://www.classcentral.com/course/coursera-synapses-neurons-and-brains-504
Science,AstroTech: The Science and Technology behind Astronomical Discovery,https://www.classcentral.com/course/coursera-astrotech-the-science-and-technology-behind-astronomical-discovery-1360
Science,Best Practices for Biomedical Research Data Management,https://www.classcentral.com/course/canvas-network-best-practices-for-biomedical-research-data-management-10172
Science,Gut Check: Exploring Your Microbiome,https://www.classcentral.com/course/coursera-gut-check-exploring-your-microbiome-2305
Science,Climate Change Mitigation in Developing Countries,https://www.classcentral.com/course/coursera-climate-change-mitigation-in-developing-countries-5054
Science,The Science of Gastronomy,https://www.classcentral.com/course/coursera-the-science-of-gastronomy-519
Science,Introduction to Forensic Science,https://www.classcentral.com/course/coursera-introduction-to-forensic-science-1264
Science,Epigenetic Control of Gene Expression,https://www.classcentral.com/course/coursera-epigenetic-control-of-gene-expression-486
Science,Global Warming I: The Science and Modeling of Climate Change,https://www.classcentral.com/course/coursera-global-warming-i-the-science-and-modeling-of-climate-change-1151
Science,Energy 101: The Big Picture,https://www.classcentral.com/course/coursera-energy-101-the-big-picture-405
Science,Physics-Based Sound Synthesis for Games and Interactive Systems,https://www.classcentral.com/course/kadenze-physics-based-sound-synthesis-for-games-and-interactive-systems-3763
Science,Massive Open Online Course on Marine Litter,https://www.classcentral.com/course/independent-massive-open-online-course-on-marine-litter-4824
Science,"Fundamentals of Neuroscience, Part 1: The Electrical Properties of the Neuron",https://www.classcentral.com/course/edx-fundamentals-of-neuroscience-part-1-the-electrical-properties-of-the-neuron-942
Science,Molecular Biology - Part 1: DNA Replication and Repair,https://www.classcentral.com/course/edx-molecular-biology-part-1-dna-replication-and-repair-2907
Science,Quantum Mechanics: 1D Scattering and Central Potentials,https://www.classcentral.com/course/edx-quantum-mechanics-1d-scattering-and-central-potentials-8769
Science,Science & Cooking: From Haute Cuisine to Soft Matter Science (part 1),https://www.classcentral.com/course/edx-science-cooking-from-haute-cuisine-to-soft-matter-science-part-1-811
Science,Understanding Plants - Part I: What a Plant Knows,https://www.classcentral.com/course/coursera-understanding-plants-part-i-what-a-plant-knows-975
Science,Astrophysics: Exploring Exoplanets,https://www.classcentral.com/course/edx-astrophysics-exploring-exoplanets-1635
Science,Astrophysics: Cosmology,https://www.classcentral.com/course/edx-astrophysics-cosmology-3031
Science,Climate Change Science and Negotiations,https://www.classcentral.com/course/edx-climate-change-science-and-negotiations-2484
Science,Introducción a la Estructura de la Materia,https://www.classcentral.com/course/edx-introduccion-a-la-estructura-de-la-materia-3066
Science,Greening the Economy: Lessons from Scandinavia,https://www.classcentral.com/course/coursera-greening-the-economy-lessons-from-scandinavia-2167
Science,普通物理學-電磁學、光學及近代物理 (General Physics (1)),https://www.classcentral.com/course/coursera----general-physics-1-2714
Programming,Programming for Everybody (Getting Started with Python),https://www.classcentral.com/course/coursera-programming-for-everybody-getting-started-with-python-4319
Programming,An Introduction to Interactive Programming in Python (Part 1),https://www.classcentral.com/course/coursera-an-introduction-to-interactive-programming-in-python-part-1-408
Programming,Python Data Structures,https://www.classcentral.com/course/coursera-python-data-structures-4174
Programming,Using Python to Access Web Data,https://www.classcentral.com/course/coursera-using-python-to-access-web-data-4343
Programming,Using Databases with Python,https://www.classcentral.com/course/coursera-using-databases-with-python-4272
Programming,Introduction to Programming with MATLAB,https://www.classcentral.com/course/coursera-introduction-to-programming-with-matlab-3396
Programming,Learn to Program: The Fundamentals,https://www.classcentral.com/course/coursera-learn-to-program-the-fundamentals-385
Programming,Ruby on Rails: An Introduction,https://www.classcentral.com/course/coursera-ruby-on-rails-an-introduction-4258
Programming,An Introduction to Interactive Programming in Python (Part 2),https://www.classcentral.com/course/coursera-an-introduction-to-interactive-programming-in-python-part-2-3196
Programming,Introduction to HTML5,https://www.classcentral.com/course/coursera-introduction-to-html5-4307
Programming,Functional Program Design in Scala,https://www.classcentral.com/course/coursera-functional-program-design-in-scala-1186
Programming,Programming Mobile Applications for Android Handheld Systems: Part 1,https://www.classcentral.com/course/coursera-programming-mobile-applications-for-android-handheld-systems-part-1-1178
Programming,Intro to HTML and CSS,https://www.classcentral.com/course/udacity-intro-to-html-and-css-2659
Programming,"Responsive Website Basics: Code with HTML, CSS, and JavaScript ",https://www.classcentral.com/course/coursera-responsive-website-basics-code-with-html-css-and-javascript-4191
Programming,Introduction to VBA/Excel Programming,https://www.classcentral.com/course/open-education-by-blackboard-introduction-to-vba-excel-programming-1797
Programming,Computing in Python I: Fundamentals and Procedural Programming,https://www.classcentral.com/course/edx-computing-in-python-i-fundamentals-and-procedural-programming-11469
Programming,"C++ For C Programmers, Part A",https://www.classcentral.com/course/coursera-c-for-c-programmers-part-a-671
Programming,"Programming Languages, Part A",https://www.classcentral.com/course/coursera-programming-languages-part-a-452
Programming,Android Development for Beginners,https://www.classcentral.com/course/udacity-android-development-for-beginners-3579
Programming,Python and Statistics for Financial Analysis,https://www.classcentral.com/course/coursera-python-and-statistics-for-financial-analysis-12648
Programming,JavaScript Basics,https://www.classcentral.com/course/udacity-javascript-basics-2660
Programming,Agile Development Using Ruby on Rails - The Basics,https://www.classcentral.com/course/edx-agile-development-using-ruby-on-rails-the-basics-443
Programming,Java Programming: Solving Problems with Software,https://www.classcentral.com/course/coursera-java-programming-solving-problems-with-software-4305
Programming,Computing in Python II: Control Structures,https://www.classcentral.com/course/edx-computing-in-python-ii-control-structures-11470
Programming,Introduction to CSS3,https://www.classcentral.com/course/coursera-introduction-to-css3-4294
Programming,Object Oriented Programming in Java,https://www.classcentral.com/course/coursera-object-oriented-programming-in-java-4212
Programming,"HTML, CSS, and Javascript for Web Developers",https://www.classcentral.com/course/coursera-html-css-and-javascript-for-web-developers-4270
Programming,Introducción a la programación orientada a objetos en Java,https://www.classcentral.com/course/coursera-introduccion-a-la-programacion-orientada-a-objetos-en-java-9065
Programming,Python for Everybody - Exploring Information,https://www.classcentral.com/course/independent-python-for-everybody-exploring-information-7363
Programming,Responsive Web Design,https://www.classcentral.com/course/coursera-responsive-web-design-4200
Programming,Introduction to Game Development,https://www.classcentral.com/course/coursera-introduction-to-game-development-4275
Programming,Interactivity with JavaScript,https://www.classcentral.com/course/coursera-interactivity-with-javascript-4295
Programming,Creative Programming for Digital Media & Mobile Apps,https://www.classcentral.com/course/coursera-creative-programming-for-digital-media-mobile-apps-529
Programming,Programming Mobile Applications for Android Handheld Systems: Part 2,https://www.classcentral.com/course/coursera-programming-mobile-applications-for-android-handheld-systems-part-2-3076
Programming,"Programming Foundations with JavaScript, HTML and CSS",https://www.classcentral.com/course/coursera-programming-foundations-with-javascript-html-and-css-4256
Programming,Developing Android Apps,https://www.classcentral.com/course/udacity-developing-android-apps-2211
Programming,Learn to Program: Crafting Quality Code,https://www.classcentral.com/course/coursera-learn-to-program-crafting-quality-code-390
Programming,Programming Foundations with Python,https://www.classcentral.com/course/udacity-programming-foundations-with-python-2013
Programming,Computing in Python IV: Objects & Algorithms,https://www.classcentral.com/course/edx-computing-in-python-iv-objects-algorithms-11472
Programming,Programming Basics,https://www.classcentral.com/course/edx-programming-basics-1650
Programming,Advanced Styling with Responsive Design,https://www.classcentral.com/course/coursera-advanced-styling-with-responsive-design-4190
Programming,Story and Narrative Development for Video Games,https://www.classcentral.com/course/coursera-story-and-narrative-development-for-video-games-4257
Programming,Object-Oriented JavaScript,https://www.classcentral.com/course/udacity-object-oriented-javascript-2658
Programming,Introduction to Functional Programming,https://www.classcentral.com/course/edx-introduction-to-functional-programming-2147
Programming,Programming Languages,https://www.classcentral.com/course/udacity-programming-languages-325
Programming,Introduction to Programming for the Visual Arts with p5.js,https://www.classcentral.com/course/kadenze-introduction-to-programming-for-the-visual-arts-with-p5-js-3770
Programming,Data Wrangling with MongoDB,https://www.classcentral.com/course/udacity-data-wrangling-with-mongodb-1479
Programming,Responsive Web Design Fundamentals,https://www.classcentral.com/course/udacity-responsive-web-design-fundamentals-3255
Programming,HTML5 Coding Essentials and Best Practices,https://www.classcentral.com/course/edx-html5-coding-essentials-and-best-practices-3444
Programming,Introduction to Bootstrap - A Tutorial,https://www.classcentral.com/course/edx-introduction-to-bootstrap-a-tutorial-3338
